project,revenue_month,work_order,revenue,deductible,invoiced,invoice_date,invoice_no,due_date,collected,collected_date,days,penalties,net_revenue
STC COW,10/1/2023,1708333.335,1686290.06,0,1686290.06,2/11/2024,IN-024375,,1686290.06,9/16/2024,218,215470.39,1470819.67
STC COW,10/1/2023,0,187365.5624,0,187365.5624,7/25/2024,IN-024841,,187365.5624,9/16/2024,53,0,187365.5624
STC COW,11/1/2023,3416666.67,3074999.27,0,3074999.27,2/11/2024,IN-024376,,3074999.27,6/11/2024,121,392916.57,2682082.7
STC COW,11/1/2023,0,341666.5902,0,341666.5902,7/25/2024,IN-024842,,341666.5902,9/16/2024,53,0,341666.5902
STC COW,12/1/2023,3416666.67,2959365.832,457300.0281,2959365.832,7/25/2024,IN-024836,,2959365.832,9/16/2024,53,392916.58,2566449.252
STC COW,1/1/2024,3416666.67,3155366.67,261300,3155366.67,7/25/2024,IN-024837,,3155366.67,9/16/2024,53,315536.59,2839830.08
STC COW,2/1/2024,3416666.67,3123666.67,293000,3123666.67,7/25/2024,IN-024840,,3123666.67,9/16/2024,53,312366.6,2811300.07
STC COW,3/1/2024,3416666.67,3074999.27,0,3074999.27,7/25/2024,IN-024838,,3074999.274,9/16/2024,53,341666.59,2733332.68
STC COW,3/1/2024,0,341666.59,0,341666.59,1/16/2025,IN-025257,,341666.59,1/30/2025,14,0,341666.59
STC COW,4/1/2024,3416666.67,2958870.6,0,2958870.6,7/25/2024,IN024839,,2958870.604,9/16/2024,53,328763.32,2630107.28
STC COW,4/1/2024,0,328763.4,0,328763.4,12/31/2024,IN-025239,,328763.4,1/30/2025,30,0,328763.4
STC COW,5/1/2024,3416666.67,3287633.91,0,3287633.91,1/20/2025,IN-025264,,2958870.51,1/30/2025,10,328763.319,2958870.591
STC COW,6/1/2024,3416666.67,3287634,0,3287634,12/31/2024,IN-025234,,2958870.604,1/30/2025,30,328763.319,2958870.681
STC COW,7/1/2024,3416666.67,3287634,0,3287634,12/31/2024,IN-025235,,2958870.6,1/30/2025,30,328763.319,2958870.681
STC COW,8/1/2024,3416666.67,3287634,0,3287634,12/31/2024,IN-025236,,2958870.6,2/6/2025,37,328763.319,2958870.681
STC COW,9/1/2024,3416666.67,2670633.99,616999.2,2670633.99,12/31/2024,IN-025237,,2497705.165,1/30/2025,30,172928.82,2497705.17
STC COW,10/1/2024,3416666.67,4169856.98,21004.88,4169856.98,1/16/2025,IN-025258,,4149856.983,1/30/2025,14,20000,4149856.98
STC COW,11/1/2024,3416666.67,3074999.27,9000.85,3074999.27,1/16/2025,IN-025259,,3074999.27,1/30/2025,14,144500,2930499.27
STC COW,11/1/2024,0,332666.55,0,332666.55,5/22/2025,IN-025439,,332666.55,7/25/2025,64,0,332666.55
STC COW,12/1/2024,3416666.67,3074999.27,32999.98,3074999.27,1/16/2025,IN-025260,,3074999.27,1/30/2025,14,28000,3046999.27
STC COW,12/1/2024,0,308666.6,0,308666.6,5/22/2025,IN-025440,,308666.6,7/25/2025,64,0,308666.6
STC COW,1/1/2025,3416666.67,3398665.86,17999.9,3398665.86,5/22/2025,IN-025446,,3398665.86,7/25/2025,64,310000,3088665.86
STC COW,2/1/2025,3416666.67,3386665.86,30000,3386665.86,5/25/2025,IN-025447,,3386665.86,7/25/2025,61,71000,3315665.86
STC COW,3/1/2025,3416666.67,3389665.86,27000,3389665.86,5/26/2025,IN-025449,,3389665.86,7/25/2025,60,89000,3300665.86
STC COW,4/1/2025,3416666.67,3074999.27,36000,3074999.27,5/26/2025,IN-025450,,3074999.27,7/25/2025,60,67000,3007999.27
STC COW,4/1/2025,0,305666.56,0,305666.56,6/24/2025,IN-025512,,305666.56,8/19/2025,56,0,305666.56
STC COW,5/1/2025,3416666.67,3074999.27,36000,3074999.27,5/26/2025,IN-025451,,3074999.27,7/25/2025,60,87000,2987999.27
STC COW,5/1/2025,0,305666.56,0,305666.56,7/22/2025,IN-025569,,305666.56,9/28/2025,68,0,305666.56
STC COW,6/1/2025,3416666.67,3074999.27,21000.82,3074999.27,6/25/2025,IN-025516,,3074999.27,9/3/2025,70,36000,3038999.27
STC COW,6/1/2025,0,320666.58,0,320666.58,8/13/2025,IN-025629,,320666.58,10/21/2025,69,0,320666.58
STC COW,7/1/2025,3416666.67,2874999.27,27000.81,3074999.27,7/24/2025,IN-025573,,3074999.27,10/2/2025,70,0,3074999.27
STC COW,7/1/2025,0,314666.59,0,314666.59,9/29/2025,IN-025924,,314666.59,12/22/2025,84,0,314666.59
STC COW,8/1/2025,3416666.67,2874999.27,27000.81,3074999.27,8/13/2025,IN-025630,,3074999.27,10/21/2025,69,6000,3068999.27
STC COW,8/1/2025,0,314665.857,0,314666.59,11/30/2025,IN-026273,,314666.59,2/10/2026,72,0,314666.59
STC COW,9/1/2025,3416666.67,2874999.27,0,3074999.27,9/30/2025,IN-025925,,3074999.27,3/2/2026,153,67000,3007999.27
STC COW,9/1/2025,0,341666.59,0,341666.59,12/8/2025,IN-026298,,341666.59,3/8/2026,90,0,341666.59
STC COW,10/1/2025,3416666.67,2875000.003,27000,3074999.27,12/4/2025,IN-026288,,3074999.27,2/10/2026,68,24000,3050999.27
STC COW,10/1/2025,0,314666.667,0,314666.59,2/16/2026,IN-026882,,314666.59,4/21/2026,64,0,314666.59
STC COW,11/1/2025,3416666.67,2874999.27,3000,3074999.27,12/8/2025,IN-026299,,3074999.27,2/10/2026,64,307000,2767999.27
STC COW,11/1/2025,0,338666.58,0,338666.58,3/30/2026,IN-026980,,338666.58,5/19/2026,50,0,338666.58
STC COW,12/1/2025,3416666.67,2874999.27,6000,3074999.27,2/16/2026,IN026883,,3074999.27,4/28/2026,71,15000,3059999.27
STC COW,12/1/2025,0,335666.56,0,335666.56,3/31/2026,IN-026990,,335666.56,6/17/2026,78,0,335666.56
STC COW,1/1/2026,3416666.67,2875000.09,3000,3074999.27,3/30/2026,IN-026981,,3074999.27,5/19/2026,50,53000,3021999.27
STC COW,1/1/2026,0,338666.58,0,338666.58,4/23/2026,IN-027052,,338666.58,6/23/2026,61,0,338666.58
STC COW,2/1/2026,3416666.67,2875000.11,26000,3074999.27,3/30/2026,IN-026982,,3074999.27,6/17/2026,79,0,3074999.27
STC COW,2/1/2026,0,315666.56,0,315666.56,4/27/2026,IN-027092,,315666.56,7/16/2026,80,0,315666.56
STC COW,3/1/2026,3416666.67,2874999.27,3000,3074999.27,4/27/2026,IN-027091,,3074999.27,7/2/2026,66,0,3074999.27
STC COW,3/1/2026,0,338666.58,0,338666.58,6/14/2026,IN-027182,8/13/2026,0,,,0,338666.58
STC COW,4/1/2026,3416666.67,2875000.08,0,3074999.27,5/3/2026,IN-027101,,3074999.27,7/2/2026,60,12000,3062999.27
STC COW,4/1/2026,0,341666.59,0,341666.59,8/2/2026,IN-027262,10/1/2026,0,,,0,341666.59
STC COW,5/1/2026,3416666.67,2875000.08,0,3074999.27,6/14/2026,IN-027184,8/13/2026,0,,,112000,2962999.27
STC COW,5/1/2026,,341666.59,0,341666.59,8/2/2026,IN-027260,10/1/2026,0,,,0,341666.59
STC COW,6/1/2026,3416666.67,3134665.9,0,3074999.27,8/2/2026,IN-027259,10/1/2026,0,,,0,3074999.27
STC COW,6/1/2026,,,0,,,,,0,,,0,0
STC COW,7/1/2026,3416666.67,3166665.89,0,3074999.27,8/2/2026,IN-027264,10/1/2026,0,,,0,3074999.27
STC COW,7/1/2026,,,0,,,,,0,,,0,0
Diesel Compensation 2024,12/1/2024,5387339,5387339,0,5387339,1/20/2025,IN-025263,,5387339,1/28/2025,8,0,5387339
Diesel Compensation 2025,1/1/2025,1000000,1000000,0,1000000,6/23/2025,IN-025504,,1000000,8/6/2025,44,0,1000000
Diesel Compensation 2025,2/1/2025,1000000,1000000,0,1000000,6/23/2025,IN-025505,,1000000,8/6/2025,44,0,1000000
Diesel Compensation 2025,3/1/2025,1000000,1000000,0,1000000,6/23/2025,IN-025506,,1000000,8/6/2025,44,0,1000000
Diesel Compensation 2025,4/1/2025,1000000,1000000,0,1000000,6/24/2025,IN-025513,,1000000,8/12/2025,49,0,1000000
Diesel Compensation 2025,5/1/2025,1000000,1000000,0,1000000,6/24/2025,IN-025514,,1000000,8/6/2025,43,0,1000000
Diesel Compensation 2025,6/1/2025,1000000,914427.98,85572.02,914427.98,7/22/2025,IN-025570,,914427.98,9/10/2025,50,0,914427.98
Diesel Compensation 2025,7/1/2025,1000000,977828.42,22171.58,977828.42,9/22/2025,IN-025871,,977828.42,12/8/2025,77,0,977828.42
Diesel Compensation 2025,8/1/2025,1000000,1000000,0,1000000,9/30/2025,IN-025934,,1000000,12/8/2025,69,0,1000000
Diesel Compensation 2025,9/1/2025,1000000,1000000,0,1000000,11/3/2025,IN-026023,,1000000,2/3/2026,92,0,1000000
Diesel Compensation 2025,10/1/2025,1000000,1000000,0,1000000,12/4/2025,IN-026290,,1000000,1/21/2026,48,0,1000000
Diesel Compensation 2025,11/1/2025,1000000,1000000,0,1000000,12/31/2025,IN-026683,,1000000,2/23/2026,54,0,1000000
Diesel Compensation 2025,12/1/2025,1000000,1107743.6,0,1107743.6,2/16/2026,IN-026881,,1107743.6,4/15/2026,58,0,1107743.6
Diesel Compensation 2026,1/1/2026,1200000,1200000,0,1200000,4/5/2026,IN-026998,,1200000,5/19/2026,44,0,1200000
Diesel Compensation 2026,2/1/2026,1200000,1096352.94,103647.06,1096352.94,4/5/2026,IN-027005,,1096352.94,6/10/2026,66,0,1096352.94
Diesel Compensation 2026,3/1/2026,1200000,1200000,0,1200000,4/23/2026,IN-027051,,1200000,6/10/2026,48,0,1200000
Diesel Compensation 2026,4/1/2026,1200000,1200000,0,1200000,5/13/2026,IN-027135,,1200000,7/2/2026,50,0,1200000
Diesel Compensation 2026,5/1/2026,1200000,1200000,0,1200000,6/28/2026,IN-027210,8/27/2026,0,,,0,1200000
Diesel Compensation 2026,6/1/2026,1200000,1200000,0,1200000,8/3/2026,IN-027274,10/2/2026,0,,,0,1200000
Diesel Compensation 2026,7/1/2026,1200000,1200000,0,,,,,0,,,0,0
STC IBS,10/1/2023,1250000.05,684981.2573,342.6628,684981.2573,3/28/2024,IN-024471,,678402.1443,6/6/2024,70,7565.98,677415.2773
STC IBS,11/1/2023,1250000.05,1249657.386,342.6628,1249657.386,3/28/2024,IN-024472,,1229657.386,6/6/2024,70,23000,1226657.386
STC IBS,12/1/2023,1250000.05,1249092.708,907.3409,1249092.708,4/17/2024,IN-024557,,1229092.708,6/11/2024,55,23000,1226092.708
STC IBS,1/1/2024,1250000.05,1249375.05,625,1249375.05,9/9/2024,IN-024818,,1236875.048,9/9/2024,0,12000,1237375.05
STC IBS,2/1/2024,1250000.05,1249375.05,625,1249375.05,7/15/2024,IN-024819,,1229375.048,9/9/2024,56,20000,1229375.05
STC IBS,3/1/2024,1250000.05,1249375.048,625.0021,1249375.048,8/18/2024,IN-024910,,1229375.048,10/15/2024,58,20000.0008,1229375.047
STC IBS,4/1/2024,1250000.05,1249375.048,625.0021,1249375.048,8/18/2024,IN-024911,,1236875.048,10/15/2024,58,12000,1237375.048
STC IBS,5/1/2024,1250000.05,1249375.048,625.0021,1249375.048,8/18/2024,IN-024912,,1236875.048,10/15/2024,58,12000.0005,1237375.047
STC IBS,6/1/2024,1250000.05,1249375.05,625,1249375.05,9/25/2024,IN-024991,,1236875.05,11/25/2024,61,12000.0005,1237375.05
STC IBS,7/1/2024,1250000.05,1248625.05,1375.0001,1248625.05,9/25/2024,IN-024992,,1242375.05,11/25/2024,61,6250,1242375.05
STC IBS,8/1/2024,1250000.05,1249375.05,625,1249375.05,10/29/2024,IN-025081,,1243375.048,12/23/2024,55,6000,1243375.05
STC IBS,9/1/2024,1250000.05,1249375.05,625,1249375.05,11/24/2024,IN-025148,,1243375.052,1/20/2025,57,6000,1243375.05
STC IBS,10/1/2024,1250000.05,1232580.9,17419.15,1232580.9,2/25/2025,IN-025316,,1232580.9,5/1/2025,65,6000,1226580.9
STC IBS,11/1/2024,1250000.05,1247687.55,2312.5,1247687.55,4/14/2025,IN-025378,,1241687.55,6/3/2025,50,6000,1241687.55
STC IBS,12/1/2024,1250000.05,1249062.55,937.5,1249062.55,3/26/2025,IN-025364,,1243062.548,5/21/2025,56,6000,1243062.55
STC IBS,1/1/2025,1250000.05,1250000.05,0,1250000.05,5/21/2025,IN-025438,,1250000.05,7/25/2025,65,6000,1244000.05
STC IBS,2/1/2025,1250000.05,1249875.05,125,1249875.05,6/1/2025,IN-025478,,1249875.05,7/25/2025,54,12000,1237875.05
STC IBS,3/1/2025,1250000.05,1250000.05,0,1250000.05,6/1/2025,IN-025477,,1250000.05,7/25/2025,54,6000,1244000.05
STC IBS,4/1/2025,1250000.05,1249937.55,62.5,1249937.55,6/23/2025,IN-025509,,1249937.55,8/19/2025,57,6000,1243937.55
STC IBS,5/1/2025,1250000.05,1249500.05,500,1249500.05,7/16/2025,IN-025550,,1249500.05,9/16/2025,62,6000,1243500.05
STC IBS,6/1/2025,1250000.05,1249500.05,500,1249500.05,8/5/2025,IN-025591,,1249500.05,10/7/2025,63,6000,1243500.05
STC IBS,7/1/2025,1250000.05,1248500.05,1500,1248500.05,9/17/2025,IN-025823,,1248500.05,12/8/2025,82,6000,1242500.05
STC IBS,8/1/2025,1250000.05,1248250.05,1750,1248250.05,10/2/2025,IN-025946,,1248250.05,12/10/2025,69,6000,1242250.05
STC IBS,9/1/2025,1250000.05,1249250.05,750,1249250.05,11/12/2025,IN-026145,,1249250.05,1/28/2026,77,6000,1243250.05
STC IBS,10/1/2025,1250000.05,1249250.05,750,1249250.05,12/31/2025,IN-026690,,1249250.05,3/15/2026,74,6000,1243250.05
STC IBS,11/1/2025,1250000.05,1248875.05,1125,1248875.05,2/16/2026,IN-024884,,1248875.05,4/21/2026,64,6000,1242875.05
STC IBS,12/1/2025,1250000.05,1247625.05,2375,1247625.05,3/9/2026,IN-026943,,1247625.05,5/18/2026,70,6000,1241625.05
STC IBS,1/1/2026,1250000.05,1248875.05,1125,1248875.05,4/6/2026,IN-027001,,1248875.05,5/19/2026,43,6000,1242875.05
STC IBS,2/1/2026,1250000.05,1248625.05,1375,1248625.05,4/23/2026,IN-027053,,1248625.05,6/23/2026,61,6000,1242625.05
STC IBS,3/1/2026,1250000.05,1248625.05,1375,1248625.05,5/18/2026,IN-027147,,1248625.05,7/21/2026,64,6000,1242625.05
STC IBS,4/1/2026,1250000.05,1248625.05,1375,1248625.05,6/18/2026,IN-027188,8/17/2026,0,,,6000,1242625.05
STC IBS,5/1/2026,1250000.05,1248625.05,1375,1248625.05,7/5/2026,IN-027215,9/3/2026,0,,,6000,1242625.05
STC IBS,6/1/2026,1250000.05,1248625.05,1375,1248625.05,8/3/2026,IN-027269,10/2/2026,0,,,6000,1242625.05
STC IBS,7/1/2026,1250000.05,1248875,1375,,,,,0,,,6000,-6000
STC WiFi,5/1/2022,519587.12,519587.12,0,519587.12,10/6/2022,IN-022961,,519587.12,11/27/2022,,0,519587.12
STC WiFi,6/1/2022,519588.12,519587.12,0,519587.12,10/6/2022,IN-022959,,519587.12,11/27/2022,,0,519587.12
STC WiFi,7/1/2022,519589.12,519587.12,0,519587.12,10/6/2022,IN-022960,,519587.12,11/27/2022,,0,519587.12
STC WiFi,8/1/2022,519590.12,519587.12,0,519587.12,10/6/2022,IN-022962,,519587.12,11/27/2022,,0,519587.12
STC WiFi,9/1/2022,519591.12,519587.12,0,519587.12,10/12/2022,IN-022986,,519587.12,11/27/2022,,0,519587.12
STC WiFi,10/1/2022,519592.12,519587.12,0,519587.12,11/17/2022,IN-023085,,519587.12,12/20/2022,,0,519587.12
STC WiFi,11/1/2022,519593.12,519587.12,0,519587.12,1/15/2023,IN-023268,,519587.12,5/24/2023,,0,519587.12
STC WiFi,12/1/2022,519594.12,519587.12,0,519587.12,1/15/2023,IN-023269,,519587.12,2/14/2023,,0,519587.12
STC WiFi,1/1/2023,519595.12,519587.12,0,519587.12,3/7/2023,IN-023424,,519587.12,5/24/2023,,0,519587.12
STC WiFi,2/1/2023,519596.12,519587.12,0,519587.12,3/7/2023,IN-023420,,519587.12,5/24/2023,,0,519587.12
STC WiFi,3/1/2023,519597.12,519587.12,0,519587.12,5/15/2023,IN-023594,,519587.12,6/13/2023,,0,519587.12
STC WiFi,4/1/2023,519598.12,519587.12,0,519587.12,5/15/2023,IN-023595,,519587.12,6/13/2023,,0,519587.12
STC WiFi,5/1/2023,519599.12,519587.12,0,519587.12,7/30/2023,IN-023854,,519587.12,10/4/2023,,0,519587.12
STC WiFi,6/1/2023,519600.12,519587.12,0,519587.12,7/30/2023,IN-023855,,519587.12,10/4/2023,,0,519587.12
STC WiFi,7/1/2023,519601.12,519587.12,0,519587.12,9/25/2023,IN-023983,,519587.12,10/29/2023,,0,519587.12
STC WiFi,8/1/2023,519602.12,519587.12,0,519587.12,9/25/2023,IN-023982,,519587.12,10/29/2023,,0,519587.12
STC WiFi,9/1/2023,519603.12,519587.12,0,519587.12,10/26/2023,IN-024114,,519587.12,12/31/2023,,0,519587.12
STC WiFi,10/1/2023,519604.12,519587.12,0,519587.12,11/22/2023,IN-024174,,519587.12,1/24/2024,,0,519587.12
STC WiFi,11/1/2023,519605.12,519587.12,0,519587.12,12/31/2023,IN-024288,,519587.12,4/28/2024,,0,519587.12
STC WiFi,12/1/2023,519606.12,519587.12,0,519587.12,1/25/2024,IN-024329,,519587.12,4/28/2024,,0,519587.12
STC WiFi,1/1/2024,519587.12,519587.12,0,519587.12,3/20/2024,IN-024460,,519587.12,7/1/2024,103,0,519587.12
STC WiFi,2/1/2024,519587.12,519587.12,0,519587.12,5/28/2024,IN-024674,,519587.12,7/1/2024,34,0,519587.12
STC WiFi,3/1/2024,519587.12,519587.12,0,519587.12,5/28/2024,IN-024675,,519587.12,7/1/2024,34,0,519587.12
STC WiFi,4/1/2024,519587.12,519587.12,0,519587.12,7/17/2024,IN-024817,,519587.12,8/6/2024,20,0,519587.12
STC WiFi,5/1/2024,519587.12,514708.12,0,514708.12,7/16/2024,IN-024822,,514708.12,8/6/2024,21,0,514708.12
STC WiFi,6/1/2024,519587.12,514708.12,0,514708.12,7/22/2024,IN-024829,,514708.12,10/23/2024,93,0,514708.12
STC WiFi,7/1/2024,519587.12,514708.1217,0,514708.1217,10/7/2024,IN-025029,,514708.12,1/16/2025,101,0,514708.1217
STC WiFi,8/1/2024,519587.12,514708.1217,0,514708.1217,11/20/2024,IN-025142,,514708.12,1/16/2025,57,0,514708.1217
STC WiFi,9/1/2024,519587.12,514708.1217,0,514708.1217,12/12/2024,IN-025173,,514708.12,1/16/2025,35,0,514708.1217
STC WiFi,10/1/2024,519587.12,514708.1217,0,514708.1217,12/12/2024,IN-025174,,514708.12,4/9/2025,118,0,514708.1217
STC WiFi,11/1/2024,519587.12,514708.1217,0,514708.1217,1/21/2025,IN-025266,,514708.12,2/27/2025,37,0,514708.1217
STC WiFi,12/1/2024,519587.12,514708.1217,0,514708.1217,1/21/2025,IN-025267,,514708.12,2/27/2025,37,0,514708.1217
STC WiFi,1/1/2025,519587.12,514708.12,0,514708.12,3/18/2025,IN-025349,,514708.12,4/23/2025,36,0,514708.12
STC WiFi,2/1/2025,519587.12,514708.12,0,514708.12,3/24/2025,IN-025362,,514708.12,4/23/2025,30,0,514708.12
STC WiFi,3/1/2025,519587.12,514708.12,0,514708.12,5/7/2025,IN-025414,,514708.12,7/25/2025,79,0,514708.12
STC WiFi,4/1/2025,519587.12,514708.12,0,514708.12,7/20/2025,IN-025566,,514708.12,8/27/2025,38,0,514708.12
STC WiFi,5/1/2025,514708.12,513146.84,0,513146.84,8/24/2025,IN-025670,,513146.84,10/16/2025,53,0,513146.84
STC WiFi,6/1/2025,514708.12,513146.84,0,513146.84,8/24/2025,IN-025671,,513146.84,10/16/2025,53,0,513146.84
STC WiFi,7/1/2025,514708.12,513146.84,0,513146.84,9/21/2025,IN-025832,,513146.84,10/21/2025,30,0,513146.84
STC WiFi,8/1/2025,514708.12,513146.84,0,513146.84,10/9/2025,IN-025962,,513146.84,12/9/2025,61,0,513146.84
STC WiFi,9/1/2025,514708.12,513146.84,0,513146.84,11/5/2025,IN-026082,,513146.84,12/30/2025,55,0,513146.84
STC WiFi,10/1/2025,514708.12,513146.84,0,513146.84,11/26/2025,IN-026270,,513146.84,1/14/2026,49,0,513146.84
STC WiFi,11/1/2025,514708.12,513147,0,513146.84,3/1/2026,IN-026923,,513146.84,4/15/2026,45,0,513146.84
STC WiFi,12/1/2025,514708.12,513146.84,0,513146.84,3/16/2026,IN-026924,,513146.84,5/11/2026,56,0,513146.84
STC WiFi,1/1/2026,513146.84,513146.84,0,513146.84,3/26/2026,IN-026973,,513146.84,5/11/2026,46,0,513146.84
STC WiFi,2/1/2026,513146.84,513146.84,0,513146.84,4/22/2026,IN-027048,6/21/2026,0,,,0,513146.84
STC WiFi,3/1/2026,513146.84,513146.84,0,513146.84,5/3/2026,IN-027100,7/2/2026,0,,,0,513146.84
STC WiFi,4/1/2026,513146.84,513146.84,0,513146.84,7/6/2026,IN-027226,9/4/2026,0,,,0,513146.84
ACES - NHP MS Project  O&M 2025,1/1/2025,3836650.53,245207.95,0,245207.95,12/31/2025,26782,,0,,,0,245207.95
ACES - NHP MS Project  O&M 2025,2/1/2025,0,250199.33,0,250199.33,12/31/2025,26786,,0,,,0,250199.33
ACES - NHP MS Project  O&M 2025,3/1/2025,0,278625.44,0,278625.44,12/31/2025,26791,,0,,,0,278625.44
ACES - NHP MS Project  O&M 2025,4/1/2025,0,285471.53,0,285471.53,12/31/2025,26788,,0,,,0,285471.53
ACES - NHP MS Project  O&M 2025,5/1/2025,0,298067.38,0,298067.38,12/31/2025,26780,,0,,,0,298067.38
ACES - NHP MS Project  O&M 2025,6/1/2025,0,304975.07,0,304975.07,12/31/2025,26785,,0,,,0,304975.07
ACES - NHP MS Project  O&M 2025,7/1/2025,0,340531.65,0,340531.65,12/31/2025,26784,,0,,,0,340531.65
ACES - NHP MS Project  O&M 2025,8/1/2025,0,348678.13,0,348678.13,12/31/2025,26781,,0,,,0,348678.13
ACES - NHP MS Project  O&M 2025,9/1/2025,0,350698.96,0,350698.96,12/31/2025,26783,,0,,,0,350698.96
ACES - NHP MS Project  O&M 2025,10/1/2025,0,350698.96,0,350698.96,12/31/2025,26790,,0,,,0,350698.96
ACES - NHP MS Project  O&M 2025,11/1/2025,0,350698.96,0,350698.96,12/31/2025,26789,,0,,,0,350698.96
ACES - NHP MS Project  O&M 2025,12/1/2025,0,432797.17,0,432797.17,12/31/2025,26787,,0,,,0,432797.17
ACES - NHP MS Project  O&M 2026,1/1/2026,324695.95,324695.95,0,324695.95,4/13/2026,IN-027019,,0,,,0,324695.95
ACES - NHP MS Project  O&M 2026,2/1/2026,324695.95,324695.95,0,324695.95,4/13/2026,IN-027020,,0,,,0,324695.95
ACES - NHP MS Project  O&M 2026,3/1/2026,324695.95,324695.95,0,324695.95,4/13/2026,IN-027021,,0,,,0,324695.95
ACES - NHP MS Project  O&M 2026,4/1/2026,420059.81,420059.81,0,420059.81,6/3/2026,IN-027168,,0,,,0,420059.81
ACES - NHP MS Project  O&M 2026,5/1/2026,400000,400000,,,,,,0,,,0,0
ACES - NHP MS Project  O&M 2026,6/1/2026,450000,450000,,,,,,0,,,0,0
ACES - NHP MS Project  O&M 2026,7/1/2026,450000,450000,,,,,,0,,,0,0
