project_name,revenue_month,work_order,revenue,deductible,invoiced,invoice_date,invoice_no,due_date,collected,collected_date,days,penalties,net_revenue
ACES - NHP MS Project  O&M 2025,2025-01,3836650.5300,245207.9500,0.0000,245207.9500,2025-12-31,,,0.0000,,,0.0000,245207.9500
ACES - NHP MS Project  O&M 2025,2025-02,0.0000,250199.3300,0.0000,250199.3300,2025-12-31,,,0.0000,,,0.0000,250199.3300
ACES - NHP MS Project  O&M 2025,2025-03,0.0000,278625.4400,0.0000,278625.4400,2025-12-31,,,0.0000,,,0.0000,278625.4400
ACES - NHP MS Project  O&M 2025,2025-04,0.0000,285471.5300,0.0000,285471.5300,2025-12-31,,,0.0000,,,0.0000,285471.5300
ACES - NHP MS Project  O&M 2025,2025-05,0.0000,298067.3800,0.0000,298067.3800,2025-12-31,,,0.0000,,,0.0000,298067.3800
ACES - NHP MS Project  O&M 2025,2025-06,0.0000,304975.0700,0.0000,304975.0700,2025-12-31,,,0.0000,,,0.0000,304975.0700
ACES - NHP MS Project  O&M 2025,2025-07,0.0000,340531.6500,0.0000,340531.6500,2025-12-31,,,0.0000,,,0.0000,340531.6500
ACES - NHP MS Project  O&M 2025,2025-08,0.0000,348678.1300,0.0000,348678.1300,2025-12-31,,,0.0000,,,0.0000,348678.1300
ACES - NHP MS Project  O&M 2025,2025-09,0.0000,350698.9600,0.0000,350698.9600,2025-12-31,,,0.0000,,,0.0000,350698.9600
ACES - NHP MS Project  O&M 2025,2025-10,0.0000,350698.9600,0.0000,350698.9600,2025-12-31,,,0.0000,,,0.0000,350698.9600
ACES - NHP MS Project  O&M 2025,2025-11,0.0000,350698.9600,0.0000,350698.9600,2025-12-31,,,0.0000,,,0.0000,350698.9600
ACES - NHP MS Project  O&M 2025,2025-12,0.0000,432797.1700,0.0000,432797.1700,2025-12-31,,,0.0000,,,0.0000,432797.1700
ACES - NHP MS Project  O&M 2026,2026-01,0.0000,0.0000,0.0000,0.0000,,,,0.0000,,,0.0000,0.0000
Diesel Compensation 2024,2024-01,0.0000,0.0000,0.0000,7315200.0000,,IN-024366,,7315200.0000,2024-04-16,,0.0000,7315200.0000
Diesel Compensation 2024,2024-01,0.0000,0.0000,0.0000,14196900.0000,,IN-024383,2024-09-01,0.0000,,,0.0000,0.0000
Diesel Compensation 2025,2025-01,0.0000,0.0000,0.0000,7920000.0000,2025-03-05,IN-025364,,7920000.0000,2025-05-07,63,0.0000,7920000.0000
Diesel Compensation 2026,2026-01,0.0000,0.0000,0.0000,0.0000,,,,0.0000,,,0.0000,0.0000
STC COW,2023-10,1708333.3350,1686290.0600,0.0000,1686290.0600,2024-02-11,IN-024375,,1686290.0600,2024-09-16,218,215470.3900,1470819.6700
STC COW,2023-10,0.0000,187365.5624,0.0000,187365.5624,2024-07-25,IN-024841,,187365.5624,2024-09-16,53,0.0000,187365.5624
STC COW,2023-11,0.0000,341666.5902,0.0000,341666.5902,2024-07-25,IN-024842,,341666.5902,2024-09-16,53,0.0000,341666.5902
STC COW,2023-11,3416666.6700,3074999.2700,0.0000,3074999.2700,2024-02-11,IN-024376,,3074999.2700,2024-06-11,121,392916.5700,2682082.7000
STC COW,2023-12,3416666.6700,2959365.8320,457300.0281,2959365.8320,2024-07-25,IN-024836,,2959365.8320,2024-09-16,53,392916.5800,2566449.2520
STC COW,2024-01,3416666.6700,3155366.6700,261300.0000,3155366.6700,2024-07-25,IN-024837,,3155366.6700,2024-09-16,53,315536.5900,2839830.0800
STC COW,2024-02,3416666.6700,3123666.6700,293000.0000,3123666.6700,2024-07-25,IN-024840,,3123666.6700,2024-09-16,53,312366.6000,2811300.0700
STC COW,2024-03,3416666.6700,3074999.2700,0.0000,3074999.2700,2024-07-25,IN-024838,,3074999.2741,2024-09-16,53,341666.5900,2733332.6800
STC COW,2024-03,0.0000,341666.5900,0.0000,341666.5900,2025-01-16,IN-025257,,341666.5900,2025-01-30,14,0.0000,341666.5900
STC COW,2024-04,0.0000,328763.4000,0.0000,328763.4000,2024-12-31,IN-025239,,328763.4000,2025-01-30,30,0.0000,328763.4000
STC COW,2024-04,3416666.6700,2958870.6000,0.0000,2958870.6000,2024-07-25,IN024839,,2958870.6039,2024-09-16,53,328763.3200,2630107.2800
STC COW,2024-05,3416666.6700,3287633.9100,0.0000,3287633.9100,2025-01-20,IN-025264,,2958870.5100,2025-01-30,10,328763.3190,2958870.5910
STC COW,2024-06,3416666.6700,3287634.0000,0.0000,3287634.0000,2024-12-31,IN-025234,,2958870.6043,2025-01-30,30,328763.3190,2958870.6810
STC COW,2024-07,3416666.6700,3287634.0000,0.0000,3287634.0000,2024-12-31,IN-025235,,2958870.6000,2025-01-30,30,328763.3190,2958870.6810
STC COW,2024-08,3416666.6700,3287634.0000,0.0000,3287634.0000,2024-12-31,IN-025236,,2958870.6000,2025-02-06,37,328763.3190,2958870.6810
STC COW,2024-09,3416666.6700,2670633.9900,616999.2000,2670633.9900,2024-12-31,IN-025237,,2497705.1650,2025-01-30,30,172928.8200,2497705.1700
STC COW,2024-10,3416666.6700,4169856.9800,21004.8800,4169856.9800,2025-01-16,IN-025258,,4149856.9826,2025-01-30,14,20000.0000,4149856.9800
STC COW,2024-11,0.0000,332666.5500,0.0000,332666.5500,2025-05-31,IN-025439,,332666.5500,2025-08-03,64,0.0000,332666.5500
STC COW,2024-11,3416666.6700,3074999.2700,9000.8500,3074999.2700,2025-01-16,IN-025259,,3074999.2696,2025-01-30,14,144500.0000,2930499.2700
STC COW,2024-12,3416666.6700,3417104.5900,0.0000,3417104.5900,2025-01-20,IN-025260,,3416666.6700,2025-01-30,10,341710.4590,3075394.2110
STC COW,2024-12,0.0000,437.9209,0.0000,437.9209,2025-05-31,IN-025440,,437.9209,2025-08-03,64,0.0000,437.9209
STC COW,2025-01,3416666.6700,3487134.5900,0.0000,3487134.5900,2025-03-05,IN-025365,,0.0000,,,0.0000,0.0000
STC COW,2025-02,3416666.6700,3487134.5900,0.0000,3487134.5900,2025-03-05,IN-025366,,0.0000,,,0.0000,0.0000
STC COW,2025-03,3416666.6700,3487134.5900,0.0000,3487134.5900,2025-05-31,IN-025437,,0.0000,,,0.0000,0.0000
STC COW,2025-04,3416666.6700,3487134.5900,0.0000,3487134.5900,2025-05-31,IN-025438,,0.0000,,,0.0000,0.0000
STC COW,2025-05,3416666.6700,3487134.5900,0.0000,3487134.5900,2025-07-28,IN-025503,,0.0000,,,0.0000,0.0000
STC COW,2025-06,3416666.6700,3487134.5900,0.0000,0.0000,,,,0.0000,,,0.0000,0.0000
STC IBS,2023-07,2857142.8570,2857142.8570,0.0000,2857142.8570,2023-11-23,IN-023945,,2857142.8570,2024-01-25,63,0.0000,2857142.8570
STC IBS,2023-08,2857142.8570,2857142.8570,0.0000,2857142.8570,2023-11-23,IN-023946,,2857142.8570,2024-01-25,63,0.0000,2857142.8570
STC IBS,2023-09,2857142.8570,2857142.8570,0.0000,2857142.8570,2023-11-23,IN-023947,,2857142.8570,2024-01-25,63,0.0000,2857142.8570
STC IBS,2023-10,2857142.8570,2857142.8570,0.0000,2857142.8570,2024-01-25,IN-024035,,2857142.8570,2024-03-24,59,0.0000,2857142.8570
STC IBS,2023-11,2857142.8570,2857142.8570,0.0000,2857142.8570,2024-01-25,IN-024036,,2857142.8570,2024-03-24,59,0.0000,2857142.8570
STC IBS,2023-12,2857142.8570,2857142.8570,0.0000,2857142.8570,2024-01-25,IN-024037,,2857142.8570,2024-03-24,59,0.0000,2857142.8570
STC IBS,2024-01,2857142.8570,2857142.8570,0.0000,2857142.8570,2024-04-15,IN-024260,,2857142.8570,2024-06-30,76,0.0000,2857142.8570
STC IBS,2024-02,2857142.8570,2857142.8570,0.0000,2857142.8570,2024-04-15,IN-024261,,2857142.8570,2024-06-30,76,0.0000,2857142.8570
STC IBS,2024-03,2857142.8570,2857142.8570,0.0000,2857142.8570,2024-04-15,IN-024262,,2857142.8570,2024-06-30,76,0.0000,2857142.8570
STC IBS,2024-04,2857142.8570,2857142.8570,0.0000,2857142.8570,2024-07-08,IN-024444,,2857142.8570,2024-09-30,84,0.0000,2857142.8570
STC IBS,2024-05,2857142.8570,2857142.8570,0.0000,2857142.8570,2024-07-08,IN-024445,,2857142.8570,2024-09-30,84,0.0000,2857142.8570
STC IBS,2024-06,2857142.8570,2857142.8570,0.0000,2857142.8570,2024-07-08,IN-024446,,2857142.8570,2024-09-30,84,0.0000,2857142.8570
STC IBS,2024-07,2857142.8570,2857142.8570,0.0000,2857142.8570,2024-10-17,IN-024703,,2857142.8570,2024-12-30,74,0.0000,2857142.8570
STC IBS,2024-08,2857142.8570,2857142.8570,0.0000,2857142.8570,2024-10-17,IN-024704,,2857142.8570,2024-12-30,74,0.0000,2857142.8570
STC IBS,2024-09,2857142.8570,2857142.8570,0.0000,2857142.8570,2024-10-17,IN-024705,,2857142.8570,2024-12-30,74,0.0000,2857142.8570
STC IBS,2024-10,2857142.8570,2857142.8570,0.0000,2857142.8570,2025-01-26,IN-025269,,2857142.8570,2025-04-24,88,0.0000,2857142.8570
STC IBS,2024-11,2857142.8570,2857142.8570,0.0000,2857142.8570,2025-01-26,IN-025270,,2857142.8570,2025-04-24,88,0.0000,2857142.8570
STC IBS,2024-12,2857142.8570,2857142.8570,0.0000,2857142.8570,2025-01-26,IN-025271,,2857142.8570,2025-04-24,88,0.0000,2857142.8570
STC IBS,2025-01,2857142.8570,2857142.8570,0.0000,2857142.8570,2025-04-27,IN-025399,,0.0000,,,0.0000,0.0000
STC IBS,2025-02,2857142.8570,2857142.8570,0.0000,2857142.8570,2025-04-27,IN-025400,,0.0000,,,0.0000,0.0000
STC IBS,2025-03,2857142.8570,2857142.8570,0.0000,2857142.8570,2025-04-27,IN-025401,,0.0000,,,0.0000,0.0000
STC IBS,2025-04,2857142.8570,2857142.8570,0.0000,2857142.8570,2025-07-01,IN-025491,,0.0000,,,0.0000,0.0000
STC IBS,2025-05,2857142.8570,2857142.8570,0.0000,2857142.8570,2025-07-01,IN-025492,,0.0000,,,0.0000,0.0000
STC IBS,2025-06,2857142.8570,2857142.8570,0.0000,0.0000,,,,0.0000,,,0.0000,0.0000
STC WiFi,2023-07,1785714.2860,1785714.2860,0.0000,1785714.2860,2023-11-23,IN-023948,,1785714.2860,2024-01-25,63,0.0000,1785714.2860
STC WiFi,2023-08,1785714.2860,1785714.2860,0.0000,1785714.2860,2023-11-23,IN-023949,,1785714.2860,2024-01-25,63,0.0000,1785714.2860
STC WiFi,2023-09,1785714.2860,1785714.2860,0.0000,1785714.2860,2023-11-23,IN-023950,,1785714.2860,2024-01-25,63,0.0000,1785714.2860
STC WiFi,2023-10,1785714.2860,1785714.2860,0.0000,1785714.2860,2024-01-25,IN-024038,,1785714.2860,2024-03-24,59,0.0000,1785714.2860
STC WiFi,2023-11,1785714.2860,1785714.2860,0.0000,1785714.2860,2024-01-25,IN-024039,,1785714.2860,2024-03-24,59,0.0000,1785714.2860
STC WiFi,2023-12,1785714.2860,1785714.2860,0.0000,1785714.2860,2024-01-25,IN-024040,,1785714.2860,2024-03-24,59,0.0000,1785714.2860
STC WiFi,2024-01,1785714.2860,1785714.2860,0.0000,1785714.2860,2024-04-15,IN-024263,,1785714.2860,2024-06-30,76,0.0000,1785714.2860
STC WiFi,2024-02,1785714.2860,1785714.2860,0.0000,1785714.2860,2024-04-15,IN-024264,,1785714.2860,2024-06-30,76,0.0000,1785714.2860
STC WiFi,2024-03,1785714.2860,1785714.2860,0.0000,1785714.2860,2024-04-15,IN-024265,,1785714.2860,2024-06-30,76,0.0000,1785714.2860
STC WiFi,2024-04,1785714.2860,1785714.2860,0.0000,1785714.2860,2024-07-08,IN-024447,,1785714.2860,2024-09-30,84,0.0000,1785714.2860
STC WiFi,2024-05,1785714.2860,1785714.2860,0.0000,1785714.2860,2024-07-08,IN-024448,,1785714.2860,2024-09-30,84,0.0000,1785714.2860
STC WiFi,2024-06,1785714.2860,1785714.2860,0.0000,1785714.2860,2024-07-08,IN-024449,,1785714.2860,2024-09-30,84,0.0000,1785714.2860
STC WiFi,2024-07,1785714.2860,1785714.2860,0.0000,1785714.2860,2024-10-17,IN-024706,,1785714.2860,2024-12-30,74,0.0000,1785714.2860
STC WiFi,2024-08,1785714.2860,1785714.2860,0.0000,1785714.2860,2024-10-17,IN-024707,,1785714.2860,2024-12-30,74,0.0000,1785714.2860
STC WiFi,2024-09,1785714.2860,1785714.2860,0.0000,1785714.2860,2024-10-17,IN-024708,,1785714.2860,2024-12-30,74,0.0000,1785714.2860
STC WiFi,2024-10,1785714.2860,1785714.2860,0.0000,1785714.2860,2025-01-26,IN-025272,,1785714.2860,2025-04-24,88,0.0000,1785714.2860
STC WiFi,2024-11,1785714.2860,1785714.2860,0.0000,1785714.2860,2025-01-26,IN-025273,,1785714.2860,2025-04-24,88,0.0000,1785714.2860
STC WiFi,2024-12,1785714.2860,1785714.2860,0.0000,1785714.2860,2025-01-26,IN-025274,,1785714.2860,2025-04-24,88,0.0000,1785714.2860
STC WiFi,2025-01,1785714.2860,1785714.2860,0.0000,1785714.2860,2025-04-27,IN-025402,,0.0000,,,0.0000,0.0000
STC WiFi,2025-02,1785714.2860,1785714.2860,0.0000,1785714.2860,2025-04-27,IN-025403,,0.0000,,,0.0000,0.0000
STC WiFi,2025-03,1785714.2860,1785714.2860,0.0000,1785714.2860,2025-04-27,IN-025404,,0.0000,,,0.0000,0.0000
STC WiFi,2025-04,1785714.2860,1785714.2860,0.0000,1785714.2860,2025-07-01,IN-025493,,0.0000,,,0.0000,0.0000
STC WiFi,2025-05,1785714.2860,1785714.2860,0.0000,1785714.2860,2025-07-01,IN-025494,,0.0000,,,0.0000,0.0000
STC WiFi,2025-06,1785714.2860,1785714.2860,0.0000,0.0000,,,,0.0000,,,0.0000,0.0000
